{
  "version": 1,
  "author": "Anonymous",
  "editor": "wokwi",
  "parts": [
    { "type": "wokwi-esp32-devkit-v1", "id": "esp", "top": 0, "left": 0, "attrs": {} },
    { "type": "wokwi-pir-motion-sensor", "id": "pir1", "top": -80.4, "left": 230, "attrs": {} },
    { "type": "wokwi-led", "id": "led1", "top": 120, "left": 200, "attrs": { "color": "red" } },
    { "type": "wokwi-resistor", "id": "r1", "top": 140, "left": 130, "attrs": { "value": "220" } }
  ],
  "connections": [
    [ "esp:TX", "$serialMonitor:RX", "", [] ],
    [ "esp:RX", "$serialMonitor:TX", "", [] ],
    [ "pir1:VCC", "esp:3V3", "red", [ "v0" ] ],
    [ "pir1:GND", "esp:GND", "black", [ "v0" ] ],
    [ "pir1:OUT", "esp:D15", "green", [ "v0", "h0" ] ],
    [ "led1:A", "r1:1", "green", [ "h0" ] ],
    [ "led1:C", "esp:GND", "black", [ "v0" ] ],
    [ "r1:2", "esp:D12", "green", [ "h0", "v0" ] ]
  ],
  "dependencies": {}
}